<?xml version="1.0" encoding="UTF-8"?>
<!DOCTYPE mapper PUBLIC "-//mybatis.org//DTD Mapper 3.0//EN" "http://mybatis.org/dtd/mybatis-3-mapper.dtd">
<mapper namespace="chainshop.mapper.DishMapper">
  <resultMap id="BaseResultMap" type="chainshop.domain.Dish">
    <!--
      WARNING - @mbg.generated
      This element is automatically generated by MyBatis Generator, do not modify.
      This element was generated on Wed Dec 25 16:54:19 GMT+08:00 2019.
    -->
    <constructor>
      <idArg column="dish_id" javaType="java.lang.String" jdbcType="VARCHAR" />
      <arg column="dish_name" javaType="java.lang.String" jdbcType="VARCHAR" />
      <arg column="shop_id" javaType="java.lang.String" jdbcType="VARCHAR" />
      <arg column="type" javaType="java.lang.String" jdbcType="VARCHAR" />
      <arg column="order_size" javaType="java.lang.String" jdbcType="VARCHAR" />
    </constructor>
  </resultMap>
  <sql id="Example_Where_Clause">
    <!--
      WARNING - @mbg.generated
      This element is automatically generated by MyBatis Generator, do not modify.
      This element was generated on Wed Dec 25 16:54:19 GMT+08:00 2019.
    -->
    <where>
      <foreach collection="oredCriteria" item="criteria" separator="or">
        <if test="criteria.valid">
          <trim prefix="(" prefixOverrides="and" suffix=")">
            <foreach collection="criteria.criteria" item="criterion">
              <choose>
                <when test="criterion.noValue">
                  and ${criterion.condition}
                </when>
                <when test="criterion.singleValue">
                  and ${criterion.condition} #{criterion.value}
                </when>
                <when test="criterion.betweenValue">
                  and ${criterion.condition} #{criterion.value} and #{criterion.secondValue}
                </when>
                <when test="criterion.listValue">
                  and ${criterion.condition}
                  <foreach close=")" collection="criterion.value" item="listItem" open="(" separator=",">
                    #{listItem}
                  </foreach>
                </when>
              </choose>
            </foreach>
          </trim>
        </if>
      </foreach>
    </where>
  </sql>
  <sql id="Update_By_Example_Where_Clause">
    <!--
      WARNING - @mbg.generated
      This element is automatically generated by MyBatis Generator, do not modify.
      This element was generated on Wed Dec 25 16:54:19 GMT+08:00 2019.
    -->
    <where>
      <foreach collection="example.oredCriteria" item="criteria" separator="or">
        <if test="criteria.valid">
          <trim prefix="(" prefixOverrides="and" suffix=")">
            <foreach collection="criteria.criteria" item="criterion">
              <choose>
                <when test="criterion.noValue">
                  and ${criterion.condition}
                </when>
                <when test="criterion.singleValue">
                  and ${criterion.condition} #{criterion.value}
                </when>
                <when test="criterion.betweenValue">
                  and ${criterion.condition} #{criterion.value} and #{criterion.secondValue}
                </when>
                <when test="criterion.listValue">
                  and ${criterion.condition}
                  <foreach close=")" collection="criterion.value" item="listItem" open="(" separator=",">
                    #{listItem}
                  </foreach>
                </when>
              </choose>
            </foreach>
          </trim>
        </if>
      </foreach>
    </where>
  </sql>
  <sql id="Base_Column_List">
    <!--
      WARNING - @mbg.generated
      This element is automatically generated by MyBatis Generator, do not modify.
      This element was generated on Wed Dec 25 16:54:19 GMT+08:00 2019.
    -->
    dish_id, dish_name, shop_id, type, order_size
  </sql>
  <select id="selectByExample" parameterType="chainshop.domain.DishExample" resultMap="BaseResultMap">
    <!--
      WARNING - @mbg.generated
      This element is automatically generated by MyBatis Generator, do not modify.
      This element was generated on Wed Dec 25 16:54:19 GMT+08:00 2019.
    -->
    select
    <if test="distinct">
      distinct
    </if>
    <include refid="Base_Column_List" />
    from dish
    <if test="_parameter != null">
      <include refid="Example_Where_Clause" />
    </if>
    <if test="orderByClause != null">
      order by ${orderByClause}
    </if>
  </select>
  <select id="selectByPrimaryKey" parameterType="java.lang.String" resultMap="BaseResultMap">
    <!--
      WARNING - @mbg.generated
      This element is automatically generated by MyBatis Generator, do not modify.
      This element was generated on Wed Dec 25 16:54:19 GMT+08:00 2019.
    -->
    select 
    <include refid="Base_Column_List" />
    from dish
    where dish_id = #{dishId,jdbcType=VARCHAR}
  </select>
  <delete id="deleteByPrimaryKey" parameterType="java.lang.String">
    <!--
      WARNING - @mbg.generated
      This element is automatically generated by MyBatis Generator, do not modify.
      This element was generated on Wed Dec 25 16:54:19 GMT+08:00 2019.
    -->
    delete from dish
    where dish_id = #{dishId,jdbcType=VARCHAR}
  </delete>
  <delete id="deleteByExample" parameterType="chainshop.domain.DishExample">
    <!--
      WARNING - @mbg.generated
      This element is automatically generated by MyBatis Generator, do not modify.
      This element was generated on Wed Dec 25 16:54:19 GMT+08:00 2019.
    -->
    delete from dish
    <if test="_parameter != null">
      <include refid="Example_Where_Clause" />
    </if>
  </delete>
  <insert id="insert" parameterType="chainshop.domain.Dish">
    <!--
      WARNING - @mbg.generated
      This element is automatically generated by MyBatis Generator, do not modify.
      This element was generated on Wed Dec 25 16:54:19 GMT+08:00 2019.
    -->
    insert into dish (dish_id, dish_name, shop_id, 
      type, order_size)
    values (#{dishId,jdbcType=VARCHAR}, #{dishName,jdbcType=VARCHAR}, #{shopId,jdbcType=VARCHAR}, 
      #{type,jdbcType=VARCHAR}, #{orderSize,jdbcType=VARCHAR})
  </insert>
  <insert id="insertSelective" parameterType="chainshop.domain.Dish">
    <!--
      WARNING - @mbg.generated
      This element is automatically generated by MyBatis Generator, do not modify.
      This element was generated on Wed Dec 25 16:54:19 GMT+08:00 2019.
    -->
    insert into dish
    <trim prefix="(" suffix=")" suffixOverrides=",">
      <if test="dishId != null">
        dish_id,
      </if>
      <if test="dishName != null">
        dish_name,
      </if>
      <if test="shopId != null">
        shop_id,
      </if>
      <if test="type != null">
        type,
      </if>
      <if test="orderSize != null">
        order_size,
      </if>
    </trim>
    <trim prefix="values (" suffix=")" suffixOverrides=",">
      <if test="dishId != null">
        #{dishId,jdbcType=VARCHAR},
      </if>
      <if test="dishName != null">
        #{dishName,jdbcType=VARCHAR},
      </if>
      <if test="shopId != null">
        #{shopId,jdbcType=VARCHAR},
      </if>
      <if test="type != null">
        #{type,jdbcType=VARCHAR},
      </if>
      <if test="orderSize != null">
        #{orderSize,jdbcType=VARCHAR},
      </if>
    </trim>
  </insert>
  <select id="countByExample" parameterType="chainshop.domain.DishExample" resultType="java.lang.Long">
    <!--
      WARNING - @mbg.generated
      This element is automatically generated by MyBatis Generator, do not modify.
      This element was generated on Wed Dec 25 16:54:19 GMT+08:00 2019.
    -->
    select count(*) from dish
    <if test="_parameter != null">
      <include refid="Example_Where_Clause" />
    </if>
  </select>
  <update id="updateByExampleSelective" parameterType="map">
    <!--
      WARNING - @mbg.generated
      This element is automatically generated by MyBatis Generator, do not modify.
      This element was generated on Wed Dec 25 16:54:19 GMT+08:00 2019.
    -->
    update dish
    <set>
      <if test="record.dishId != null">
        dish_id = #{record.dishId,jdbcType=VARCHAR},
      </if>
      <if test="record.dishName != null">
        dish_name = #{record.dishName,jdbcType=VARCHAR},
      </if>
      <if test="record.shopId != null">
        shop_id = #{record.shopId,jdbcType=VARCHAR},
      </if>
      <if test="record.type != null">
        type = #{record.type,jdbcType=VARCHAR},
      </if>
      <if test="record.orderSize != null">
        order_size = #{record.orderSize,jdbcType=VARCHAR},
      </if>
    </set>
    <if test="_parameter != null">
      <include refid="Update_By_Example_Where_Clause" />
    </if>
  </update>
  <update id="updateByExample" parameterType="map">
    <!--
      WARNING - @mbg.generated
      This element is automatically generated by MyBatis Generator, do not modify.
      This element was generated on Wed Dec 25 16:54:19 GMT+08:00 2019.
    -->
    update dish
    set dish_id = #{record.dishId,jdbcType=VARCHAR},
      dish_name = #{record.dishName,jdbcType=VARCHAR},
      shop_id = #{record.shopId,jdbcType=VARCHAR},
      type = #{record.type,jdbcType=VARCHAR},
      order_size = #{record.orderSize,jdbcType=VARCHAR}
    <if test="_parameter != null">
      <include refid="Update_By_Example_Where_Clause" />
    </if>
  </update>
  <update id="updateByPrimaryKeySelective" parameterType="chainshop.domain.Dish">
    <!--
      WARNING - @mbg.generated
      This element is automatically generated by MyBatis Generator, do not modify.
      This element was generated on Wed Dec 25 16:54:19 GMT+08:00 2019.
    -->
    update dish
    <set>
      <if test="dishName != null">
        dish_name = #{dishName,jdbcType=VARCHAR},
      </if>
      <if test="shopId != null">
        shop_id = #{shopId,jdbcType=VARCHAR},
      </if>
      <if test="type != null">
        type = #{type,jdbcType=VARCHAR},
      </if>
      <if test="orderSize != null">
        order_size = #{orderSize,jdbcType=VARCHAR},
      </if>
    </set>
    where dish_id = #{dishId,jdbcType=VARCHAR}
  </update>
  <update id="updateByPrimaryKey" parameterType="chainshop.domain.Dish">
    <!--
      WARNING - @mbg.generated
      This element is automatically generated by MyBatis Generator, do not modify.
      This element was generated on Wed Dec 25 16:54:19 GMT+08:00 2019.
    -->
    update dish
    set dish_name = #{dishName,jdbcType=VARCHAR},
      shop_id = #{shopId,jdbcType=VARCHAR},
      type = #{type,jdbcType=VARCHAR},
      order_size = #{orderSize,jdbcType=VARCHAR}
    where dish_id = #{dishId,jdbcType=VARCHAR}
  </update>
</mapper>