<?xml version="1.0" encoding="UTF-8"?>
<!DOCTYPE mapper PUBLIC "-//mybatis.org//DTD Mapper 3.0//EN" "http://mybatis.org/dtd/mybatis-3-mapper.dtd">
<mapper namespace="chainshop.mapper.OrderMenuMapper">
  <resultMap id="BaseResultMap" type="chainshop.domain.OrderMenu">
    <!--
      WARNING - @mbg.generated
      This element is automatically generated by MyBatis Generator, do not modify.
      This element was generated on Wed Dec 25 16:54:19 GMT+08:00 2019.
    -->
    <constructor>
      <idArg column="order_menu_id" javaType="java.lang.String" jdbcType="VARCHAR" />
      <arg column="dish_id" javaType="java.lang.String" jdbcType="VARCHAR" />
    </constructor>
  </resultMap>
  <sql id="Example_Where_Clause">
    <!--
      WARNING - @mbg.generated
      This element is automatically generated by MyBatis Generator, do not modify.
      This element was generated on Wed Dec 25 16:54:19 GMT+08:00 2019.
    -->
    <where>
      <foreach collection="oredCriteria" item="criteria" separator="or">
        <if test="criteria.valid">
          <trim prefix="(" prefixOverrides="and" suffix=")">
            <foreach collection="criteria.criteria" item="criterion">
              <choose>
                <when test="criterion.noValue">
                  and ${criterion.condition}
                </when>
                <when test="criterion.singleValue">
                  and ${criterion.condition} #{criterion.value}
                </when>
                <when test="criterion.betweenValue">
                  and ${criterion.condition} #{criterion.value} and #{criterion.secondValue}
                </when>
                <when test="criterion.listValue">
                  and ${criterion.condition}
                  <foreach close=")" collection="criterion.value" item="listItem" open="(" separator=",">
                    #{listItem}
                  </foreach>
                </when>
              </choose>
            </foreach>
          </trim>
        </if>
      </foreach>
    </where>
  </sql>
  <sql id="Update_By_Example_Where_Clause">
    <!--
      WARNING - @mbg.generated
      This element is automatically generated by MyBatis Generator, do not modify.
      This element was generated on Wed Dec 25 16:54:19 GMT+08:00 2019.
    -->
    <where>
      <foreach collection="example.oredCriteria" item="criteria" separator="or">
        <if test="criteria.valid">
          <trim prefix="(" prefixOverrides="and" suffix=")">
            <foreach collection="criteria.criteria" item="criterion">
              <choose>
                <when test="criterion.noValue">
                  and ${criterion.condition}
                </when>
                <when test="criterion.singleValue">
                  and ${criterion.condition} #{criterion.value}
                </when>
                <when test="criterion.betweenValue">
                  and ${criterion.condition} #{criterion.value} and #{criterion.secondValue}
                </when>
                <when test="criterion.listValue">
                  and ${criterion.condition}
                  <foreach close=")" collection="criterion.value" item="listItem" open="(" separator=",">
                    #{listItem}
                  </foreach>
                </when>
              </choose>
            </foreach>
          </trim>
        </if>
      </foreach>
    </where>
  </sql>
  <sql id="Base_Column_List">
    <!--
      WARNING - @mbg.generated
      This element is automatically generated by MyBatis Generator, do not modify.
      This element was generated on Wed Dec 25 16:54:19 GMT+08:00 2019.
    -->
    order_menu_id, dish_id
  </sql>
  <select id="selectByExample" parameterType="chainshop.domain.OrderMenuExample" resultMap="BaseResultMap">
    <!--
      WARNING - @mbg.generated
      This element is automatically generated by MyBatis Generator, do not modify.
      This element was generated on Wed Dec 25 16:54:19 GMT+08:00 2019.
    -->
    select
    <if test="distinct">
      distinct
    </if>
    <include refid="Base_Column_List" />
    from order_menu
    <if test="_parameter != null">
      <include refid="Example_Where_Clause" />
    </if>
    <if test="orderByClause != null">
      order by ${orderByClause}
    </if>
  </select>
  <select id="selectByPrimaryKey" parameterType="java.lang.String" resultMap="BaseResultMap">
    <!--
      WARNING - @mbg.generated
      This element is automatically generated by MyBatis Generator, do not modify.
      This element was generated on Wed Dec 25 16:54:19 GMT+08:00 2019.
    -->
    select 
    <include refid="Base_Column_List" />
    from order_menu
    where order_menu_id = #{orderMenuId,jdbcType=VARCHAR}
  </select>
  <delete id="deleteByPrimaryKey" parameterType="java.lang.String">
    <!--
      WARNING - @mbg.generated
      This element is automatically generated by MyBatis Generator, do not modify.
      This element was generated on Wed Dec 25 16:54:19 GMT+08:00 2019.
    -->
    delete from order_menu
    where order_menu_id = #{orderMenuId,jdbcType=VARCHAR}
  </delete>
  <delete id="deleteByExample" parameterType="chainshop.domain.OrderMenuExample">
    <!--
      WARNING - @mbg.generated
      This element is automatically generated by MyBatis Generator, do not modify.
      This element was generated on Wed Dec 25 16:54:19 GMT+08:00 2019.
    -->
    delete from order_menu
    <if test="_parameter != null">
      <include refid="Example_Where_Clause" />
    </if>
  </delete>
  <insert id="insert" parameterType="chainshop.domain.OrderMenu">
    <!--
      WARNING - @mbg.generated
      This element is automatically generated by MyBatis Generator, do not modify.
      This element was generated on Wed Dec 25 16:54:19 GMT+08:00 2019.
    -->
    insert into order_menu (order_menu_id, dish_id)
    values (#{orderMenuId,jdbcType=VARCHAR}, #{dishId,jdbcType=VARCHAR})
  </insert>
  <insert id="insertSelective" parameterType="chainshop.domain.OrderMenu">
    <!--
      WARNING - @mbg.generated
      This element is automatically generated by MyBatis Generator, do not modify.
      This element was generated on Wed Dec 25 16:54:19 GMT+08:00 2019.
    -->
    insert into order_menu
    <trim prefix="(" suffix=")" suffixOverrides=",">
      <if test="orderMenuId != null">
        order_menu_id,
      </if>
      <if test="dishId != null">
        dish_id,
      </if>
    </trim>
    <trim prefix="values (" suffix=")" suffixOverrides=",">
      <if test="orderMenuId != null">
        #{orderMenuId,jdbcType=VARCHAR},
      </if>
      <if test="dishId != null">
        #{dishId,jdbcType=VARCHAR},
      </if>
    </trim>
  </insert>
  <select id="countByExample" parameterType="chainshop.domain.OrderMenuExample" resultType="java.lang.Long">
    <!--
      WARNING - @mbg.generated
      This element is automatically generated by MyBatis Generator, do not modify.
      This element was generated on Wed Dec 25 16:54:19 GMT+08:00 2019.
    -->
    select count(*) from order_menu
    <if test="_parameter != null">
      <include refid="Example_Where_Clause" />
    </if>
  </select>
  <update id="updateByExampleSelective" parameterType="map">
    <!--
      WARNING - @mbg.generated
      This element is automatically generated by MyBatis Generator, do not modify.
      This element was generated on Wed Dec 25 16:54:19 GMT+08:00 2019.
    -->
    update order_menu
    <set>
      <if test="record.orderMenuId != null">
        order_menu_id = #{record.orderMenuId,jdbcType=VARCHAR},
      </if>
      <if test="record.dishId != null">
        dish_id = #{record.dishId,jdbcType=VARCHAR},
      </if>
    </set>
    <if test="_parameter != null">
      <include refid="Update_By_Example_Where_Clause" />
    </if>
  </update>
  <update id="updateByExample" parameterType="map">
    <!--
      WARNING - @mbg.generated
      This element is automatically generated by MyBatis Generator, do not modify.
      This element was generated on Wed Dec 25 16:54:19 GMT+08:00 2019.
    -->
    update order_menu
    set order_menu_id = #{record.orderMenuId,jdbcType=VARCHAR},
      dish_id = #{record.dishId,jdbcType=VARCHAR}
    <if test="_parameter != null">
      <include refid="Update_By_Example_Where_Clause" />
    </if>
  </update>
  <update id="updateByPrimaryKeySelective" parameterType="chainshop.domain.OrderMenu">
    <!--
      WARNING - @mbg.generated
      This element is automatically generated by MyBatis Generator, do not modify.
      This element was generated on Wed Dec 25 16:54:19 GMT+08:00 2019.
    -->
    update order_menu
    <set>
      <if test="dishId != null">
        dish_id = #{dishId,jdbcType=VARCHAR},
      </if>
    </set>
    where order_menu_id = #{orderMenuId,jdbcType=VARCHAR}
  </update>
  <update id="updateByPrimaryKey" parameterType="chainshop.domain.OrderMenu">
    <!--
      WARNING - @mbg.generated
      This element is automatically generated by MyBatis Generator, do not modify.
      This element was generated on Wed Dec 25 16:54:19 GMT+08:00 2019.
    -->
    update order_menu
    set dish_id = #{dishId,jdbcType=VARCHAR}
    where order_menu_id = #{orderMenuId,jdbcType=VARCHAR}
  </update>
</mapper>