<?xml version="1.0" encoding="UTF-8"?>
<!DOCTYPE mapper PUBLIC "-//mybatis.org//DTD Mapper 3.0//EN" "http://mybatis.org/dtd/mybatis-3-mapper.dtd">
<mapper namespace="chainshop.mapper.OrderMapper">
  <resultMap id="BaseResultMap" type="chainshop.domain.Order">
    <!--
      WARNING - @mbg.generated
      This element is automatically generated by MyBatis Generator, do not modify.
      This element was generated on Wed Dec 25 16:54:19 GMT+08:00 2019.
    -->
    <constructor>
      <idArg column="order_id" javaType="java.lang.String" jdbcType="VARCHAR" />
      <arg column="shop_id" javaType="java.lang.String" jdbcType="VARCHAR" />
      <arg column="user_id" javaType="java.lang.String" jdbcType="VARCHAR" />
      <arg column="dish_id" javaType="java.lang.String" jdbcType="VARCHAR" />
      <arg column="creattime" javaType="java.lang.String" jdbcType="VARCHAR" />
      <arg column="order_menu_id" javaType="java.lang.String" jdbcType="VARCHAR" />
      <arg column="full_price" javaType="java.lang.String" jdbcType="VARCHAR" />
    </constructor>
  </resultMap>
  <sql id="Example_Where_Clause">
    <!--
      WARNING - @mbg.generated
      This element is automatically generated by MyBatis Generator, do not modify.
      This element was generated on Wed Dec 25 16:54:19 GMT+08:00 2019.
    -->
    <where>
      <foreach collection="oredCriteria" item="criteria" separator="or">
        <if test="criteria.valid">
          <trim prefix="(" prefixOverrides="and" suffix=")">
            <foreach collection="criteria.criteria" item="criterion">
              <choose>
                <when test="criterion.noValue">
                  and ${criterion.condition}
                </when>
                <when test="criterion.singleValue">
                  and ${criterion.condition} #{criterion.value}
                </when>
                <when test="criterion.betweenValue">
                  and ${criterion.condition} #{criterion.value} and #{criterion.secondValue}
                </when>
                <when test="criterion.listValue">
                  and ${criterion.condition}
                  <foreach close=")" collection="criterion.value" item="listItem" open="(" separator=",">
                    #{listItem}
                  </foreach>
                </when>
              </choose>
            </foreach>
          </trim>
        </if>
      </foreach>
    </where>
  </sql>
  <sql id="Update_By_Example_Where_Clause">
    <!--
      WARNING - @mbg.generated
      This element is automatically generated by MyBatis Generator, do not modify.
      This element was generated on Wed Dec 25 16:54:19 GMT+08:00 2019.
    -->
    <where>
      <foreach collection="example.oredCriteria" item="criteria" separator="or">
        <if test="criteria.valid">
          <trim prefix="(" prefixOverrides="and" suffix=")">
            <foreach collection="criteria.criteria" item="criterion">
              <choose>
                <when test="criterion.noValue">
                  and ${criterion.condition}
                </when>
                <when test="criterion.singleValue">
                  and ${criterion.condition} #{criterion.value}
                </when>
                <when test="criterion.betweenValue">
                  and ${criterion.condition} #{criterion.value} and #{criterion.secondValue}
                </when>
                <when test="criterion.listValue">
                  and ${criterion.condition}
                  <foreach close=")" collection="criterion.value" item="listItem" open="(" separator=",">
                    #{listItem}
                  </foreach>
                </when>
              </choose>
            </foreach>
          </trim>
        </if>
      </foreach>
    </where>
  </sql>
  <sql id="Base_Column_List">
    <!--
      WARNING - @mbg.generated
      This element is automatically generated by MyBatis Generator, do not modify.
      This element was generated on Wed Dec 25 16:54:19 GMT+08:00 2019.
    -->
    order_id, shop_id, user_id, dish_id, creattime, order_menu_id, full_price
  </sql>
  <select id="selectByExample" parameterType="chainshop.domain.OrderExample" resultMap="BaseResultMap">
    <!--
      WARNING - @mbg.generated
      This element is automatically generated by MyBatis Generator, do not modify.
      This element was generated on Wed Dec 25 16:54:19 GMT+08:00 2019.
    -->
    select
    <if test="distinct">
      distinct
    </if>
    <include refid="Base_Column_List" />
    from order
    <if test="_parameter != null">
      <include refid="Example_Where_Clause" />
    </if>
    <if test="orderByClause != null">
      order by ${orderByClause}
    </if>
  </select>
  <select id="selectByPrimaryKey" parameterType="java.lang.String" resultMap="BaseResultMap">
    <!--
      WARNING - @mbg.generated
      This element is automatically generated by MyBatis Generator, do not modify.
      This element was generated on Wed Dec 25 16:54:19 GMT+08:00 2019.
    -->
    select 
    <include refid="Base_Column_List" />
    from order
    where order_id = #{orderId,jdbcType=VARCHAR}
  </select>
  <delete id="deleteByPrimaryKey" parameterType="java.lang.String">
    <!--
      WARNING - @mbg.generated
      This element is automatically generated by MyBatis Generator, do not modify.
      This element was generated on Wed Dec 25 16:54:19 GMT+08:00 2019.
    -->
    delete from order
    where order_id = #{orderId,jdbcType=VARCHAR}
  </delete>
  <delete id="deleteByExample" parameterType="chainshop.domain.OrderExample">
    <!--
      WARNING - @mbg.generated
      This element is automatically generated by MyBatis Generator, do not modify.
      This element was generated on Wed Dec 25 16:54:19 GMT+08:00 2019.
    -->
    delete from order
    <if test="_parameter != null">
      <include refid="Example_Where_Clause" />
    </if>
  </delete>
  <insert id="insert" parameterType="chainshop.domain.Order">
    <!--
      WARNING - @mbg.generated
      This element is automatically generated by MyBatis Generator, do not modify.
      This element was generated on Wed Dec 25 16:54:19 GMT+08:00 2019.
    -->
    insert into order (order_id, shop_id, user_id, 
      dish_id, creattime, order_menu_id, 
      full_price)
    values (#{orderId,jdbcType=VARCHAR}, #{shopId,jdbcType=VARCHAR}, #{userId,jdbcType=VARCHAR}, 
      #{dishId,jdbcType=VARCHAR}, #{creattime,jdbcType=VARCHAR}, #{orderMenuId,jdbcType=VARCHAR}, 
      #{fullPrice,jdbcType=VARCHAR})
  </insert>
  <insert id="insertSelective" parameterType="chainshop.domain.Order">
    <!--
      WARNING - @mbg.generated
      This element is automatically generated by MyBatis Generator, do not modify.
      This element was generated on Wed Dec 25 16:54:19 GMT+08:00 2019.
    -->
    insert into order
    <trim prefix="(" suffix=")" suffixOverrides=",">
      <if test="orderId != null">
        order_id,
      </if>
      <if test="shopId != null">
        shop_id,
      </if>
      <if test="userId != null">
        user_id,
      </if>
      <if test="dishId != null">
        dish_id,
      </if>
      <if test="creattime != null">
        creattime,
      </if>
      <if test="orderMenuId != null">
        order_menu_id,
      </if>
      <if test="fullPrice != null">
        full_price,
      </if>
    </trim>
    <trim prefix="values (" suffix=")" suffixOverrides=",">
      <if test="orderId != null">
        #{orderId,jdbcType=VARCHAR},
      </if>
      <if test="shopId != null">
        #{shopId,jdbcType=VARCHAR},
      </if>
      <if test="userId != null">
        #{userId,jdbcType=VARCHAR},
      </if>
      <if test="dishId != null">
        #{dishId,jdbcType=VARCHAR},
      </if>
      <if test="creattime != null">
        #{creattime,jdbcType=VARCHAR},
      </if>
      <if test="orderMenuId != null">
        #{orderMenuId,jdbcType=VARCHAR},
      </if>
      <if test="fullPrice != null">
        #{fullPrice,jdbcType=VARCHAR},
      </if>
    </trim>
  </insert>
  <select id="countByExample" parameterType="chainshop.domain.OrderExample" resultType="java.lang.Long">
    <!--
      WARNING - @mbg.generated
      This element is automatically generated by MyBatis Generator, do not modify.
      This element was generated on Wed Dec 25 16:54:19 GMT+08:00 2019.
    -->
    select count(*) from order
    <if test="_parameter != null">
      <include refid="Example_Where_Clause" />
    </if>
  </select>
  <update id="updateByExampleSelective" parameterType="map">
    <!--
      WARNING - @mbg.generated
      This element is automatically generated by MyBatis Generator, do not modify.
      This element was generated on Wed Dec 25 16:54:19 GMT+08:00 2019.
    -->
    update order
    <set>
      <if test="record.orderId != null">
        order_id = #{record.orderId,jdbcType=VARCHAR},
      </if>
      <if test="record.shopId != null">
        shop_id = #{record.shopId,jdbcType=VARCHAR},
      </if>
      <if test="record.userId != null">
        user_id = #{record.userId,jdbcType=VARCHAR},
      </if>
      <if test="record.dishId != null">
        dish_id = #{record.dishId,jdbcType=VARCHAR},
      </if>
      <if test="record.creattime != null">
        creattime = #{record.creattime,jdbcType=VARCHAR},
      </if>
      <if test="record.orderMenuId != null">
        order_menu_id = #{record.orderMenuId,jdbcType=VARCHAR},
      </if>
      <if test="record.fullPrice != null">
        full_price = #{record.fullPrice,jdbcType=VARCHAR},
      </if>
    </set>
    <if test="_parameter != null">
      <include refid="Update_By_Example_Where_Clause" />
    </if>
  </update>
  <update id="updateByExample" parameterType="map">
    <!--
      WARNING - @mbg.generated
      This element is automatically generated by MyBatis Generator, do not modify.
      This element was generated on Wed Dec 25 16:54:19 GMT+08:00 2019.
    -->
    update order
    set order_id = #{record.orderId,jdbcType=VARCHAR},
      shop_id = #{record.shopId,jdbcType=VARCHAR},
      user_id = #{record.userId,jdbcType=VARCHAR},
      dish_id = #{record.dishId,jdbcType=VARCHAR},
      creattime = #{record.creattime,jdbcType=VARCHAR},
      order_menu_id = #{record.orderMenuId,jdbcType=VARCHAR},
      full_price = #{record.fullPrice,jdbcType=VARCHAR}
    <if test="_parameter != null">
      <include refid="Update_By_Example_Where_Clause" />
    </if>
  </update>
  <update id="updateByPrimaryKeySelective" parameterType="chainshop.domain.Order">
    <!--
      WARNING - @mbg.generated
      This element is automatically generated by MyBatis Generator, do not modify.
      This element was generated on Wed Dec 25 16:54:19 GMT+08:00 2019.
    -->
    update order
    <set>
      <if test="shopId != null">
        shop_id = #{shopId,jdbcType=VARCHAR},
      </if>
      <if test="userId != null">
        user_id = #{userId,jdbcType=VARCHAR},
      </if>
      <if test="dishId != null">
        dish_id = #{dishId,jdbcType=VARCHAR},
      </if>
      <if test="creattime != null">
        creattime = #{creattime,jdbcType=VARCHAR},
      </if>
      <if test="orderMenuId != null">
        order_menu_id = #{orderMenuId,jdbcType=VARCHAR},
      </if>
      <if test="fullPrice != null">
        full_price = #{fullPrice,jdbcType=VARCHAR},
      </if>
    </set>
    where order_id = #{orderId,jdbcType=VARCHAR}
  </update>
  <update id="updateByPrimaryKey" parameterType="chainshop.domain.Order">
    <!--
      WARNING - @mbg.generated
      This element is automatically generated by MyBatis Generator, do not modify.
      This element was generated on Wed Dec 25 16:54:19 GMT+08:00 2019.
    -->
    update order
    set shop_id = #{shopId,jdbcType=VARCHAR},
      user_id = #{userId,jdbcType=VARCHAR},
      dish_id = #{dishId,jdbcType=VARCHAR},
      creattime = #{creattime,jdbcType=VARCHAR},
      order_menu_id = #{orderMenuId,jdbcType=VARCHAR},
      full_price = #{fullPrice,jdbcType=VARCHAR}
    where order_id = #{orderId,jdbcType=VARCHAR}
  </update>
</mapper>