<?xml version="1.0" encoding="UTF-8"?>
<!DOCTYPE mapper PUBLIC "-//mybatis.org//DTD Mapper 3.0//EN" "http://mybatis.org/dtd/mybatis-3-mapper.dtd">
<mapper namespace="chainshop.mapper.ShopMapper">
  <resultMap id="BaseResultMap" type="chainshop.domain.Shop">
    <!--
      WARNING - @mbg.generated
      This element is automatically generated by MyBatis Generator, do not modify.
      This element was generated on Wed Dec 25 16:54:19 GMT+08:00 2019.
    -->
    <constructor>
      <idArg column="shop_id" javaType="java.lang.String" jdbcType="VARCHAR" />
      <arg column="shop_name" javaType="java.lang.String" jdbcType="VARCHAR" />
      <arg column="addr" javaType="java.lang.String" jdbcType="VARCHAR" />
      <arg column="score" javaType="java.lang.String" jdbcType="VARCHAR" />
      <arg column="comment_id" javaType="java.lang.String" jdbcType="VARCHAR" />
      <arg column="summary" javaType="java.lang.String" jdbcType="VARCHAR" />
      <arg column="supp_id" javaType="java.lang.String" jdbcType="VARCHAR" />
    </constructor>
  </resultMap>
  <sql id="Example_Where_Clause">
    <!--
      WARNING - @mbg.generated
      This element is automatically generated by MyBatis Generator, do not modify.
      This element was generated on Wed Dec 25 16:54:19 GMT+08:00 2019.
    -->
    <where>
      <foreach collection="oredCriteria" item="criteria" separator="or">
        <if test="criteria.valid">
          <trim prefix="(" prefixOverrides="and" suffix=")">
            <foreach collection="criteria.criteria" item="criterion">
              <choose>
                <when test="criterion.noValue">
                  and ${criterion.condition}
                </when>
                <when test="criterion.singleValue">
                  and ${criterion.condition} #{criterion.value}
                </when>
                <when test="criterion.betweenValue">
                  and ${criterion.condition} #{criterion.value} and #{criterion.secondValue}
                </when>
                <when test="criterion.listValue">
                  and ${criterion.condition}
                  <foreach close=")" collection="criterion.value" item="listItem" open="(" separator=",">
                    #{listItem}
                  </foreach>
                </when>
              </choose>
            </foreach>
          </trim>
        </if>
      </foreach>
    </where>
  </sql>
  <sql id="Update_By_Example_Where_Clause">
    <!--
      WARNING - @mbg.generated
      This element is automatically generated by MyBatis Generator, do not modify.
      This element was generated on Wed Dec 25 16:54:19 GMT+08:00 2019.
    -->
    <where>
      <foreach collection="example.oredCriteria" item="criteria" separator="or">
        <if test="criteria.valid">
          <trim prefix="(" prefixOverrides="and" suffix=")">
            <foreach collection="criteria.criteria" item="criterion">
              <choose>
                <when test="criterion.noValue">
                  and ${criterion.condition}
                </when>
                <when test="criterion.singleValue">
                  and ${criterion.condition} #{criterion.value}
                </when>
                <when test="criterion.betweenValue">
                  and ${criterion.condition} #{criterion.value} and #{criterion.secondValue}
                </when>
                <when test="criterion.listValue">
                  and ${criterion.condition}
                  <foreach close=")" collection="criterion.value" item="listItem" open="(" separator=",">
                    #{listItem}
                  </foreach>
                </when>
              </choose>
            </foreach>
          </trim>
        </if>
      </foreach>
    </where>
  </sql>
  <sql id="Base_Column_List">
    <!--
      WARNING - @mbg.generated
      This element is automatically generated by MyBatis Generator, do not modify.
      This element was generated on Wed Dec 25 16:54:19 GMT+08:00 2019.
    -->
    shop_id, shop_name, addr, score, comment_id, summary, supp_id
  </sql>
  <select id="selectByExample" parameterType="chainshop.domain.ShopExample" resultMap="BaseResultMap">
    <!--
      WARNING - @mbg.generated
      This element is automatically generated by MyBatis Generator, do not modify.
      This element was generated on Wed Dec 25 16:54:19 GMT+08:00 2019.
    -->
    select
    <if test="distinct">
      distinct
    </if>
    <include refid="Base_Column_List" />
    from shop
    <if test="_parameter != null">
      <include refid="Example_Where_Clause" />
    </if>
    <if test="orderByClause != null">
      order by ${orderByClause}
    </if>
  </select>
  <select id="selectByPrimaryKey" parameterType="java.lang.String" resultMap="BaseResultMap">
    <!--
      WARNING - @mbg.generated
      This element is automatically generated by MyBatis Generator, do not modify.
      This element was generated on Wed Dec 25 16:54:19 GMT+08:00 2019.
    -->
    select 
    <include refid="Base_Column_List" />
    from shop
    where shop_id = #{shopId,jdbcType=VARCHAR}
  </select>
  <delete id="deleteByPrimaryKey" parameterType="java.lang.String">
    <!--
      WARNING - @mbg.generated
      This element is automatically generated by MyBatis Generator, do not modify.
      This element was generated on Wed Dec 25 16:54:19 GMT+08:00 2019.
    -->
    delete from shop
    where shop_id = #{shopId,jdbcType=VARCHAR}
  </delete>
  <delete id="deleteByExample" parameterType="chainshop.domain.ShopExample">
    <!--
      WARNING - @mbg.generated
      This element is automatically generated by MyBatis Generator, do not modify.
      This element was generated on Wed Dec 25 16:54:19 GMT+08:00 2019.
    -->
    delete from shop
    <if test="_parameter != null">
      <include refid="Example_Where_Clause" />
    </if>
  </delete>
  <insert id="insert" parameterType="chainshop.domain.Shop">
    <!--
      WARNING - @mbg.generated
      This element is automatically generated by MyBatis Generator, do not modify.
      This element was generated on Wed Dec 25 16:54:19 GMT+08:00 2019.
    -->
    insert into shop (shop_id, shop_name, addr, 
      score, comment_id, summary, 
      supp_id)
    values (#{shopId,jdbcType=VARCHAR}, #{shopName,jdbcType=VARCHAR}, #{addr,jdbcType=VARCHAR}, 
      #{score,jdbcType=VARCHAR}, #{commentId,jdbcType=VARCHAR}, #{summary,jdbcType=VARCHAR}, 
      #{suppId,jdbcType=VARCHAR})
  </insert>
  <insert id="insertSelective" parameterType="chainshop.domain.Shop">
    <!--
      WARNING - @mbg.generated
      This element is automatically generated by MyBatis Generator, do not modify.
      This element was generated on Wed Dec 25 16:54:19 GMT+08:00 2019.
    -->
    insert into shop
    <trim prefix="(" suffix=")" suffixOverrides=",">
      <if test="shopId != null">
        shop_id,
      </if>
      <if test="shopName != null">
        shop_name,
      </if>
      <if test="addr != null">
        addr,
      </if>
      <if test="score != null">
        score,
      </if>
      <if test="commentId != null">
        comment_id,
      </if>
      <if test="summary != null">
        summary,
      </if>
      <if test="suppId != null">
        supp_id,
      </if>
    </trim>
    <trim prefix="values (" suffix=")" suffixOverrides=",">
      <if test="shopId != null">
        #{shopId,jdbcType=VARCHAR},
      </if>
      <if test="shopName != null">
        #{shopName,jdbcType=VARCHAR},
      </if>
      <if test="addr != null">
        #{addr,jdbcType=VARCHAR},
      </if>
      <if test="score != null">
        #{score,jdbcType=VARCHAR},
      </if>
      <if test="commentId != null">
        #{commentId,jdbcType=VARCHAR},
      </if>
      <if test="summary != null">
        #{summary,jdbcType=VARCHAR},
      </if>
      <if test="suppId != null">
        #{suppId,jdbcType=VARCHAR},
      </if>
    </trim>
  </insert>
  <select id="countByExample" parameterType="chainshop.domain.ShopExample" resultType="java.lang.Long">
    <!--
      WARNING - @mbg.generated
      This element is automatically generated by MyBatis Generator, do not modify.
      This element was generated on Wed Dec 25 16:54:19 GMT+08:00 2019.
    -->
    select count(*) from shop
    <if test="_parameter != null">
      <include refid="Example_Where_Clause" />
    </if>
  </select>
  <update id="updateByExampleSelective" parameterType="map">
    <!--
      WARNING - @mbg.generated
      This element is automatically generated by MyBatis Generator, do not modify.
      This element was generated on Wed Dec 25 16:54:19 GMT+08:00 2019.
    -->
    update shop
    <set>
      <if test="record.shopId != null">
        shop_id = #{record.shopId,jdbcType=VARCHAR},
      </if>
      <if test="record.shopName != null">
        shop_name = #{record.shopName,jdbcType=VARCHAR},
      </if>
      <if test="record.addr != null">
        addr = #{record.addr,jdbcType=VARCHAR},
      </if>
      <if test="record.score != null">
        score = #{record.score,jdbcType=VARCHAR},
      </if>
      <if test="record.commentId != null">
        comment_id = #{record.commentId,jdbcType=VARCHAR},
      </if>
      <if test="record.summary != null">
        summary = #{record.summary,jdbcType=VARCHAR},
      </if>
      <if test="record.suppId != null">
        supp_id = #{record.suppId,jdbcType=VARCHAR},
      </if>
    </set>
    <if test="_parameter != null">
      <include refid="Update_By_Example_Where_Clause" />
    </if>
  </update>
  <update id="updateByExample" parameterType="map">
    <!--
      WARNING - @mbg.generated
      This element is automatically generated by MyBatis Generator, do not modify.
      This element was generated on Wed Dec 25 16:54:19 GMT+08:00 2019.
    -->
    update shop
    set shop_id = #{record.shopId,jdbcType=VARCHAR},
      shop_name = #{record.shopName,jdbcType=VARCHAR},
      addr = #{record.addr,jdbcType=VARCHAR},
      score = #{record.score,jdbcType=VARCHAR},
      comment_id = #{record.commentId,jdbcType=VARCHAR},
      summary = #{record.summary,jdbcType=VARCHAR},
      supp_id = #{record.suppId,jdbcType=VARCHAR}
    <if test="_parameter != null">
      <include refid="Update_By_Example_Where_Clause" />
    </if>
  </update>
  <update id="updateByPrimaryKeySelective" parameterType="chainshop.domain.Shop">
    <!--
      WARNING - @mbg.generated
      This element is automatically generated by MyBatis Generator, do not modify.
      This element was generated on Wed Dec 25 16:54:19 GMT+08:00 2019.
    -->
    update shop
    <set>
      <if test="shopName != null">
        shop_name = #{shopName,jdbcType=VARCHAR},
      </if>
      <if test="addr != null">
        addr = #{addr,jdbcType=VARCHAR},
      </if>
      <if test="score != null">
        score = #{score,jdbcType=VARCHAR},
      </if>
      <if test="commentId != null">
        comment_id = #{commentId,jdbcType=VARCHAR},
      </if>
      <if test="summary != null">
        summary = #{summary,jdbcType=VARCHAR},
      </if>
      <if test="suppId != null">
        supp_id = #{suppId,jdbcType=VARCHAR},
      </if>
    </set>
    where shop_id = #{shopId,jdbcType=VARCHAR}
  </update>
  <update id="updateByPrimaryKey" parameterType="chainshop.domain.Shop">
    <!--
      WARNING - @mbg.generated
      This element is automatically generated by MyBatis Generator, do not modify.
      This element was generated on Wed Dec 25 16:54:19 GMT+08:00 2019.
    -->
    update shop
    set shop_name = #{shopName,jdbcType=VARCHAR},
      addr = #{addr,jdbcType=VARCHAR},
      score = #{score,jdbcType=VARCHAR},
      comment_id = #{commentId,jdbcType=VARCHAR},
      summary = #{summary,jdbcType=VARCHAR},
      supp_id = #{suppId,jdbcType=VARCHAR}
    where shop_id = #{shopId,jdbcType=VARCHAR}
  </update>
</mapper>