<?xml version="1.0" encoding="UTF-8"?>
<!DOCTYPE mapper PUBLIC "-//mybatis.org//DTD Mapper 3.0//EN" "http://mybatis.org/dtd/mybatis-3-mapper.dtd">
<mapper namespace="chainshop.mapper.ShoplistMapper">
  <resultMap id="BaseResultMap" type="chainshop.domain.Shoplist">
    <!--
      WARNING - @mbg.generated
      This element is automatically generated by MyBatis Generator, do not modify.
      This element was generated on Wed Dec 25 16:54:19 GMT+08:00 2019.
    -->
    <constructor>
      <idArg column="supp_id" javaType="java.lang.String" jdbcType="VARCHAR" />
      <arg column="shop_id" javaType="java.lang.String" jdbcType="VARCHAR" />
    </constructor>
  </resultMap>
  <sql id="Example_Where_Clause">
    <!--
      WARNING - @mbg.generated
      This element is automatically generated by MyBatis Generator, do not modify.
      This element was generated on Wed Dec 25 16:54:19 GMT+08:00 2019.
    -->
    <where>
      <foreach collection="oredCriteria" item="criteria" separator="or">
        <if test="criteria.valid">
          <trim prefix="(" prefixOverrides="and" suffix=")">
            <foreach collection="criteria.criteria" item="criterion">
              <choose>
                <when test="criterion.noValue">
                  and ${criterion.condition}
                </when>
                <when test="criterion.singleValue">
                  and ${criterion.condition} #{criterion.value}
                </when>
                <when test="criterion.betweenValue">
                  and ${criterion.condition} #{criterion.value} and #{criterion.secondValue}
                </when>
                <when test="criterion.listValue">
                  and ${criterion.condition}
                  <foreach close=")" collection="criterion.value" item="listItem" open="(" separator=",">
                    #{listItem}
                  </foreach>
                </when>
              </choose>
            </foreach>
          </trim>
        </if>
      </foreach>
    </where>
  </sql>
  <sql id="Update_By_Example_Where_Clause">
    <!--
      WARNING - @mbg.generated
      This element is automatically generated by MyBatis Generator, do not modify.
      This element was generated on Wed Dec 25 16:54:19 GMT+08:00 2019.
    -->
    <where>
      <foreach collection="example.oredCriteria" item="criteria" separator="or">
        <if test="criteria.valid">
          <trim prefix="(" prefixOverrides="and" suffix=")">
            <foreach collection="criteria.criteria" item="criterion">
              <choose>
                <when test="criterion.noValue">
                  and ${criterion.condition}
                </when>
                <when test="criterion.singleValue">
                  and ${criterion.condition} #{criterion.value}
                </when>
                <when test="criterion.betweenValue">
                  and ${criterion.condition} #{criterion.value} and #{criterion.secondValue}
                </when>
                <when test="criterion.listValue">
                  and ${criterion.condition}
                  <foreach close=")" collection="criterion.value" item="listItem" open="(" separator=",">
                    #{listItem}
                  </foreach>
                </when>
              </choose>
            </foreach>
          </trim>
        </if>
      </foreach>
    </where>
  </sql>
  <sql id="Base_Column_List">
    <!--
      WARNING - @mbg.generated
      This element is automatically generated by MyBatis Generator, do not modify.
      This element was generated on Wed Dec 25 16:54:19 GMT+08:00 2019.
    -->
    supp_id, shop_id
  </sql>
  <select id="selectByExample" parameterType="chainshop.domain.ShoplistExample" resultMap="BaseResultMap">
    <!--
      WARNING - @mbg.generated
      This element is automatically generated by MyBatis Generator, do not modify.
      This element was generated on Wed Dec 25 16:54:19 GMT+08:00 2019.
    -->
    select
    <if test="distinct">
      distinct
    </if>
    <include refid="Base_Column_List" />
    from shoplist
    <if test="_parameter != null">
      <include refid="Example_Where_Clause" />
    </if>
    <if test="orderByClause != null">
      order by ${orderByClause}
    </if>
  </select>
  <select id="selectByPrimaryKey" parameterType="java.lang.String" resultMap="BaseResultMap">
    <!--
      WARNING - @mbg.generated
      This element is automatically generated by MyBatis Generator, do not modify.
      This element was generated on Wed Dec 25 16:54:19 GMT+08:00 2019.
    -->
    select 
    <include refid="Base_Column_List" />
    from shoplist
    where supp_id = #{suppId,jdbcType=VARCHAR}
  </select>
  <delete id="deleteByPrimaryKey" parameterType="java.lang.String">
    <!--
      WARNING - @mbg.generated
      This element is automatically generated by MyBatis Generator, do not modify.
      This element was generated on Wed Dec 25 16:54:19 GMT+08:00 2019.
    -->
    delete from shoplist
    where supp_id = #{suppId,jdbcType=VARCHAR}
  </delete>
  <delete id="deleteByExample" parameterType="chainshop.domain.ShoplistExample">
    <!--
      WARNING - @mbg.generated
      This element is automatically generated by MyBatis Generator, do not modify.
      This element was generated on Wed Dec 25 16:54:19 GMT+08:00 2019.
    -->
    delete from shoplist
    <if test="_parameter != null">
      <include refid="Example_Where_Clause" />
    </if>
  </delete>
  <insert id="insert" parameterType="chainshop.domain.Shoplist">
    <!--
      WARNING - @mbg.generated
      This element is automatically generated by MyBatis Generator, do not modify.
      This element was generated on Wed Dec 25 16:54:19 GMT+08:00 2019.
    -->
    insert into shoplist (supp_id, shop_id)
    values (#{suppId,jdbcType=VARCHAR}, #{shopId,jdbcType=VARCHAR})
  </insert>
  <insert id="insertSelective" parameterType="chainshop.domain.Shoplist">
    <!--
      WARNING - @mbg.generated
      This element is automatically generated by MyBatis Generator, do not modify.
      This element was generated on Wed Dec 25 16:54:19 GMT+08:00 2019.
    -->
    insert into shoplist
    <trim prefix="(" suffix=")" suffixOverrides=",">
      <if test="suppId != null">
        supp_id,
      </if>
      <if test="shopId != null">
        shop_id,
      </if>
    </trim>
    <trim prefix="values (" suffix=")" suffixOverrides=",">
      <if test="suppId != null">
        #{suppId,jdbcType=VARCHAR},
      </if>
      <if test="shopId != null">
        #{shopId,jdbcType=VARCHAR},
      </if>
    </trim>
  </insert>
  <select id="countByExample" parameterType="chainshop.domain.ShoplistExample" resultType="java.lang.Long">
    <!--
      WARNING - @mbg.generated
      This element is automatically generated by MyBatis Generator, do not modify.
      This element was generated on Wed Dec 25 16:54:19 GMT+08:00 2019.
    -->
    select count(*) from shoplist
    <if test="_parameter != null">
      <include refid="Example_Where_Clause" />
    </if>
  </select>
  <update id="updateByExampleSelective" parameterType="map">
    <!--
      WARNING - @mbg.generated
      This element is automatically generated by MyBatis Generator, do not modify.
      This element was generated on Wed Dec 25 16:54:19 GMT+08:00 2019.
    -->
    update shoplist
    <set>
      <if test="record.suppId != null">
        supp_id = #{record.suppId,jdbcType=VARCHAR},
      </if>
      <if test="record.shopId != null">
        shop_id = #{record.shopId,jdbcType=VARCHAR},
      </if>
    </set>
    <if test="_parameter != null">
      <include refid="Update_By_Example_Where_Clause" />
    </if>
  </update>
  <update id="updateByExample" parameterType="map">
    <!--
      WARNING - @mbg.generated
      This element is automatically generated by MyBatis Generator, do not modify.
      This element was generated on Wed Dec 25 16:54:19 GMT+08:00 2019.
    -->
    update shoplist
    set supp_id = #{record.suppId,jdbcType=VARCHAR},
      shop_id = #{record.shopId,jdbcType=VARCHAR}
    <if test="_parameter != null">
      <include refid="Update_By_Example_Where_Clause" />
    </if>
  </update>
  <update id="updateByPrimaryKeySelective" parameterType="chainshop.domain.Shoplist">
    <!--
      WARNING - @mbg.generated
      This element is automatically generated by MyBatis Generator, do not modify.
      This element was generated on Wed Dec 25 16:54:19 GMT+08:00 2019.
    -->
    update shoplist
    <set>
      <if test="shopId != null">
        shop_id = #{shopId,jdbcType=VARCHAR},
      </if>
    </set>
    where supp_id = #{suppId,jdbcType=VARCHAR}
  </update>
  <update id="updateByPrimaryKey" parameterType="chainshop.domain.Shoplist">
    <!--
      WARNING - @mbg.generated
      This element is automatically generated by MyBatis Generator, do not modify.
      This element was generated on Wed Dec 25 16:54:19 GMT+08:00 2019.
    -->
    update shoplist
    set shop_id = #{shopId,jdbcType=VARCHAR}
    where supp_id = #{suppId,jdbcType=VARCHAR}
  </update>
</mapper>