<?xml version="1.0" encoding="UTF-8"?>
<!DOCTYPE generatorConfiguration
        PUBLIC "-//mybatis.org//DTD MyBatis Generator Configuration 1.0//EN"
        "http://mybatis.org/dtd/mybatis-generator-config_1_0.dtd">

<generatorConfiguration>
    <context id="MySQLTables" targetRuntime="MyBatis3">
        <!--Official Plugins-->
        <!--Generate equals and hash code-->
        <plugin type="org.mybatis.generator.plugins.EqualsHashCodePlugin"/>

        <jdbcConnection driverClass="com.mysql.jdbc.Driver"
                        connectionURL="jdbc:mysql://localhost:3306/chain_shop?useUnicode=yes&amp;characterEncoding=UTF-8&amp;useSSL=false"
                        userId="root"
                        password="123456">
            <property name="useInformationSchema" value="true"/>
        </jdbcConnection>

        <javaTypeResolver>
            <property name="forceBigDecimals" value="false"/>
        </javaTypeResolver>

        <javaModelGenerator targetPackage="chainshop.domain" targetProject="src/main/java">
            <property name="enableSubPackages" value="true"/>
            <property name="trimStrings" value="true"/>
        </javaModelGenerator>

        <sqlMapGenerator targetPackage="mapper" targetProject="src/main/resources/mybatis">
            <property name="enableSubPackages" value="true"/>
        </sqlMapGenerator>

        <javaClientGenerator type="XMLMAPPER" targetPackage="chainshop.mapper" targetProject="src/main/java">
            <property name="enableSubPackages" value="true"/>
        </javaClientGenerator>


        <table schema="chain_shop" tableName="user" domainObjectName="User">
            <property name="constructorBased" value="true"/>
        </table>
        <table schema="chain_shop" tableName="shop" domainObjectName="Shop">
            <property name="constructorBased" value="true"/>
        </table>
        <table schema="chain-shop" tableName="comment" domainObjectName="Comment">
            <property name="constructorBased" value="true"/>
        </table>
        <table schema="chain_shop" tableName="order" domainObjectName="Order">
            <property name="constructorBased" value="true"/>
        </table>
        <table schema="chain_shop" tableName="authority" domainObjectName="Authority">
            <property name="constructorBased" value="true"/>
        </table>
        <table schema="chain_shop" tableName="dish" domainObjectName="Dish">
            <property name="constructorBased" value="true"/>
        </table>
        <table schema="chain_shop" tableName="dish_collection" domainObjectName="DishCollection">
            <property name="constructorBased" value="true"/>
        </table>
        <table schema="chain_shop" tableName="shop_collection" domainObjectName="ShopCollection">
            <property name="constructorBased" value="true"/>
        </table>
        <table schema="chain_shop" tableName="collection_menu" domainObjectName="CollectionMenu">
            <property name="constructorBased" value="true"/>
        </table>
        <table schema="chain_shop" tableName="shoplist" domainObjectName="Shoplist">
            <property name="constructorBased" value="true"/>
        </table>
        <table schema="chain_shop" tableName="price" domainObjectName="Price">
            <property name="constructorBased" value="true"/>
        </table>
        <table schema="chain_shop" tableName="order_check" domainObjectName="OrderCheck">
            <property name="constructorBased" value="true"/>
        </table>
        <table schema="chain_shop" tableName="order_menu" domainObjectName="OrderMenu">
            <property name="constructorBased" value="true"/>
        </table>

    </context>
</generatorConfiguration>